﻿<?xml version="1.0" encoding="utf-8"?>
<Rule Name="Link" PageTemplate="tool" DisplayName="Linker" SwitchPrefix="--" Order="20" xmlns="http://schemas.microsoft.com/build/2009/properties" xmlns:x="http://schemas.microsoft.com/winfx/2006/xaml" xmlns:sys="clr-namespace:System;assembly=mscorlib">
	<Rule.Categories>
		<Category Name="General" DisplayName="General" />
		<Category Name="Input" DisplayName="Input" />
		<Category Name="Debugging" DisplayName="Debugging" />
		<Category Name="Advanced" DisplayName="Advanced" />
		<Category Name="All Options" DisplayName="All Options" Subtype="Search" />
		<Category Name="Command Line" DisplayName="Command Line" Subtype="CommandLine" />
	</Rule.Categories>
	<Rule.DataSource>
		<DataSource Persistence="ProjectFile" ItemType="Link" Label="" HasConfigurationCondition="true" />
	</Rule.DataSource>
	<BoolProperty Name="MSVCErrorReport" DisplayName="Visual Studio Errors Reporting" Description="Report errors which Visual Studio can use to parse for file and line information." Category="General" Switch="fdiagnostics-format=msvc"  F1Keyword="">
	</BoolProperty>
	<StringProperty Subtype="file" Name="OutputFile" DisplayName="Output File" Description="The option overrides the default name and location of the program that the linker creates. (-o)" Category="General" Switch="o" F1Keyword="VC.Project.VCLinkerTool.OutputFile">
	</StringProperty>
	<StringProperty Name="Soname" DisplayName="Soname of Shared Library" Description="This option overrides the default soname of the shared library that the linker creates." Category="General" Switch="Wl,-soname=" F1Keyword="VC.Project.VCLinkerTool.Soname">
	</StringProperty>
	<BoolProperty Name="ShowProgress" DisplayName="Show Progress" Description="Prints Linker Progress Messages." Category="General" Switch="Wl,--stats" F1Keyword="VC.Project.VCLinkerTool.ShowProgress">
	</BoolProperty>
	<BoolProperty Name="Version" DisplayName="Version" Description="The -version option tells the linker to put a version number in the header of the executable. Please ovverwrite the bool value with the version # if you intend to use this feature." Category="General" Switch="Wl,--version " F1Keyword="VC.Project.VCLinkerTool.Version">
	</BoolProperty>
	<BoolProperty Name="VerboseOutput" DisplayName="Enable Verbose Output" Description="The -verbose option tells the linker to output verbose messages for debugging." Category="General" Switch="Wl,--verbose" F1Keyword="VC.Project.VCLinkerTool.VerboseOutput">
	</BoolProperty>
	<BoolProperty Name="IncrementalLink" DisplayName="Enable Incremental Linking" Description="The option tells the linker to enable incremental linking." Category="General" Switch="Wl,--incremental" F1Keyword="VC.Project.VCLinkerTool.IncrementalLink">
	</BoolProperty>
	<StringListProperty Subtype="folder" Name="SharedLibrarySearchPath" DisplayName="Shared Library Search Path" Description="Allows the user to populate the shared library search path." Category="General" Switch="Wl,-rpath-link=" F1Keyword="VC.Project.VCLinkerTool.SharedLibrarySearchPath">
	</StringListProperty>
	<StringListProperty Subtype="folder" Name="AdditionalLibraryDirectories" DisplayName="Additional Library Directories" Description="Allows the user to override the environmental library path. (-L folder)." Category="General" Switch="Wl,-L" F1Keyword="VC.Project.VCLinkerTool.AdditionalLibraryDirectories">
	</StringListProperty>
	<BoolProperty Name="UnresolvedSymbolReferences" DisplayName="Report Unresolved Symbol References" Description="This option when enabled will report unresolved symbol references." Category="General" Switch="Wl,--no-undefined" F1Keyword="VC.Project.VCLinkerTool.UnresolvedReferences">
	</BoolProperty>
	<BoolProperty Name="OptimizeforMemory" DisplayName="Optimize For Memory Usage" Description="Optimize for memory usage, by rereading the symbol tables as necessary." Category="General" Switch="Wl,--no-keep-memory" F1Keyword="VC.Project.VCLinkerTool.OptimizeForMemory">
	</BoolProperty>
	<StringProperty Name="GccToolChain" DisplayName="Gcc Tool Chain" Description="Folder path to Gcc Tool Chain." Category="General" Switch="gcc-toolchain "  F1Keyword="">
	</StringProperty>

	<EnumProperty Name="PlatformTriplet" DisplayName="Platform Triplet" Description="Target architecture override setting." Category="General" Default="Windows" F1Keyword="">
		<EnumProperty.DataSource>
			<DataSource Persistence="ProjectFile" Label="TargetArchLabel" PersistedName="ToolsetISenseIdentifierType"
		HasConfigurationCondition="False"  />
		</EnumProperty.DataSource>
		<EnumValue Name="Default" Switch="" DisplayName="Default" Description=""/>

		<EnumValue Name="Windows" Switch="target=aarch64-pc-windows-msvc" DisplayName="Windows" Description="Windows Platform Enviornment : _WIN64."/>

		<EnumValue Name="Clang.Windows" Switch="target=aarch64-pc-windows-gnu" DisplayName="Clang" Description="Clang on Windows Platform Enviornment : aarch64."/>

		<EnumValue Name="GCC" Switch="target=aarch64-windows-gnu" DisplayName="GCC" Description="Clang on Windows Platform Enviornment : aarch64."/>

		<EnumValue Name="Linux" Switch="target=aarch64-linux-gnu" DisplayName="Linux" Description="Linux on Windows Platform Enviornment : aarch64."/>

		<EnumValue Name="iOS" Switch="target=aarch64-darwin-gnu" DisplayName="iOS" Description="iOS on Windows Platform Enviornment : aarch64."/>

		<EnumValue Name="Android" Switch="target=aarch64-android-gnu" DisplayName="Android" Description="Android on Windows Platform Enviornment : aarch64."/>

	</EnumProperty>

	<StringProperty Name="Sysroot" DisplayName="Sysroot" Description="Folder path to the root directory for headers and libraries." Category="General" Switch="sysroot="  F1Keyword="">
	</StringProperty>
	<StringProperty Subtype="folder" Name="TrackerLogDirectory" DisplayName="Tracker Log Directory" Description="Tracker Log Directory." Category="General" IncludeInCommandLine="false" >
	</StringProperty>
	<StringListProperty Subtype="file" Name="IgnoreSpecificDefaultLibraries" DisplayName="Ignore Specific Default Libraries" Description="Specifies one or more names of default libraries to ignore." Category="Input" Switch="Wl,-nostdlib" F1Keyword="VC.Project.VCLinkerTool.IgnoreDefaultLibraryNames">
	</StringListProperty>
	<StringListProperty Subtype="file" Name="ForceSymbolReferences" DisplayName="Force Symbol References" Description="Force symbol to be entered in the output file as an undefined symbol." Category="Input" Switch="Wl,-u--undefined=" F1Keyword="VC.Project.VCLinkerTool.ForceSymbolReferences">
	</StringListProperty>
	<EnumProperty Name="DebuggerSymbolInformation" DisplayName="Debugger Symbol Information" Description="Debugger symbol information from the output file." Category="Debugging" F1Keyword="VC.Project.VCLinkerTool.ForceFileOutput">
		<EnumValue Name="true" Switch="" DisplayName="Include All">
		</EnumValue>
		<EnumValue Name="OmitUnneededSymbolInformation" Switch="Wl,--strip-unneeded" DisplayName="Omit Unneeded Symbols for Relocation Processing">
		</EnumValue>
		<EnumValue Name="OmitDebuggerSymbolInformation" Switch="Wl,--strip-debug" DisplayName="Omit Debugger Symbol Information Only">
		</EnumValue>
		<EnumValue Name="OmitAllSymbolInformation" Switch="Wl,--strip-all" DisplayName="Omit All Symbol Information">
		</EnumValue>
	</EnumProperty>
	<BoolProperty Name="PackageDebugSymbols" DisplayName="Package Debugger Symbol Information" Description="Strip the Debugger Symbols Information before Packaging.  A copy of the original binary will be used for debugging." Category="Debugging" F1Keyword="VC.Project.VCLinkerTool.OmitDebuggerSymbolInformation">
		<BoolProperty.DataSource>
			<DataSource Persistence="ProjectFile" ItemType="" Label="" HasConfigurationCondition="true" />
		</BoolProperty.DataSource>
	</BoolProperty>
	<StringProperty Name="GenerateMapFile" DisplayName="Map File Name" Description="The Map option tells the linker to create a map file with the user specified name." Category="Debugging" Switch="Wl,-Map=" F1Keyword="VC.Project.VCLinkerTool.GenerateMapFile">
	</StringProperty>
	<BoolProperty ReverseSwitch="Wl,-z,norelro" Name="Relocation" DisplayName="Mark Variables ReadOnly After Relocation" Description="This option marks variables read-only after relocation." Category="Advanced" Switch="Wl,-z,relro" F1Keyword="VC.Project.VCLinkerTool.Relocation">
	</BoolProperty>
	<BoolProperty Name="FunctionBinding" DisplayName="Enable Immediate Function Binding" Description="This option marks object for immediate function binding." Category="Advanced" Switch="Wl,-z,now" F1Keyword="VC.Project.VCLinkerTool.FunctionBinding">
	</BoolProperty>
	<BoolProperty Name="NoExecStackRequired" DisplayName="Require Executable Stack" Description="This option marks output as not requiring executable stack." Category="Advanced" Switch="Wl,-z,noexecstack" F1Keyword="VC.Project.VCLinkerTool.NoExecStackRequired">
	</BoolProperty>
	<BoolProperty Name="LinkDll" Category="Advanced" Switch="shared" >
	</BoolProperty>
	<BoolProperty Name="WholeArchiveBegin" DisplayName="Whole Archive" Description="Whole Archive uses all code from Sources and Additional Dependencies." Category="Advanced" Switch="Wl,--whole-archive" F1Keyword="VC.Project.WholeArchive">
	</BoolProperty>
	<StringProperty Name="AdditionalOptions" DisplayName="Additional Options" Description="Additional Options." Category="Command Line" F1Keyword="VC.Project.AdditionalOptionsPage">
	</StringProperty>
	<StringListProperty Subtype="file" Name="AdditionalDependencies" DisplayName="Additional Dependencies" Description="Specifies additional items to add to the link command line." Category="Input" F1Keyword="VC.Project.VCLinkerTool.AdditionalDependencies">
	</StringListProperty>
	<BoolProperty Name="WholeArchiveEnd" Category="Advanced" Switch="Wl,--no-whole-archive" >
	</BoolProperty>
	<StringListProperty Subtype="file" Name="LibraryDependencies" DisplayName="Library Dependencies" Description="This option allows specifying additional libraries to be added to the linker command line. The additional libraries will be added to the end of the linker command line start with 'lib' and end with '.a' or '.so' extension.  (-lFILE)" Category="Input" Switch="l" F1Keyword="VC.Project.VCLinkerTool.LibraryDependencies">
	</StringListProperty>
	<BoolProperty Name="BuildingInIde" >
	</BoolProperty>

	<!-- begin Kill Command Line -->


	<BoolProperty Name="AssemblyDebug" Category="Debugging" Visible="false" />
	<StringListProperty Name="AssemblyLinkResource" Category="Input" Visible="false" />
	<StringListProperty Name="AddModuleNamesToAssembly" Category="Input" Visible="false" />
	<StringListProperty Name="EmbedManagedResourceFile" Category="Input" Visible="false" />
	<EnumProperty Name="CLRImageType" Category="Advanced" Visible="false" />
	<EnumProperty Name="CLRSupportLastError" Category="Advanced" Visible="false" />
	<EnumProperty Name="CLRThreadAttribute" Category="Advanced" Visible="false" />
	<BoolProperty Name="CLRUnmanagedCodeCheck" Category="Advanced" Visible="false" />
	<StringListProperty Name="DelayLoadDLLs" Category="Input" Visible="false" />
	<BoolProperty Name="SupportUnloadOfDelayLoadedDLL" Category="Advanced" Visible="false" />
	<BoolProperty Name="SupportNobindOfDelayLoadedDLL" Category="Advanced" Visible="false" />
	<BoolProperty Name="LinkDelaySign" Category="Advanced" Visible="false" />
	<EnumProperty Name="LinkErrorReporting" Category="Advanced" Visible="false" />
	<EnumProperty Name="CreateHotPatchableImage" Category="General" Visible="false" />
	<StringProperty Name="MergedIDLBaseFileName" Category="Embedded IDL" Visible="false" />
	<BoolProperty Name="IgnoreEmbeddedIDL" Category="Embedded IDL" Visible="false" />
	<StringProperty Name="KeyContainer" Category="Advanced" Visible="false" />
	<StringProperty Name="LinkKeyFile" Category="Advanced" Visible="false" />
	<BoolProperty Name="LinkStatus" Category="General" Visible="false" />
	<EnumProperty Name="LinkTimeCodeGeneration" Category="Optimization" Visible="false" />
	<BoolProperty Name="GenerateMapFile" Category="Debugging" Visible="false" />
	<BoolProperty Name="MapExports" Category="Debugging" Visible="false" />
	<StringProperty Name="MidlCommandFile" Category="Embedded IDL" Visible="false" />
	<BoolProperty Name="TurnOffAssemblyGeneration" Category="Advanced" Visible="false" />
	<BoolProperty Name="SuppressStartupBanner" Category="General" Visible="false" />
	<StringProperty Name="StripPrivateSymbols" Category="Debugging" Visible="false" />
	<BoolProperty Name="Profile" Category="Advanced" Visible="false" />
	<BoolProperty Name="SetChecksum" Category="Advanced" Visible="false" />
	<BoolProperty Name="SwapRunFromCD" Category="System" Visible="false" />
	<BoolProperty Name="SwapRunFromNET" Category="System" Visible="false" />
	<IntProperty Name="TypeLibraryResourceID" Category="Embedded IDL" Visible="false" />
	<StringProperty Name="TypeLibraryFile" Category="Embedded IDL" Visible="false" />
	<EnumProperty Name="ShowProgress" Category="General" Visible="false" />
	<EnumProperty Name="GenerateWindowsMetadata" Category="Windows Metadata" Visible="false" />
	<StringProperty Name="WindowsMetadataFile" Category="Windows Metadata" Visible="false" />
	<StringProperty Name="WindowsMetadataLinkKeyFile" Category="Windows Metadata" Visible="false" />
	<StringProperty Name="WindowsMetadataKeyContainer" Category="Windows Metadata" Visible="false" />
	<BoolProperty Name="WindowsMetadataLinkDelaySign" Category="Windows Metadata" Visible="false" />

	<!-- end Kill Command Line -->

</Rule>