﻿<?xml version="1.0" encoding="utf-8"?>
<!--
***********************************************************************************************
*    general xml for general pane in properties window w/ intel specific region
***********************************************************************************************
-->
<Rule
      Name="ConfigurationGeneral"
      DisplayName="General"
      PageTemplate="generic"
      Description="General"
      xmlns="http://schemas.microsoft.com/build/2009/properties">
	<Rule.Categories>
		<Category Name="General" DisplayName="General" Description="General" />
		<Category Name="IntelSpecific" DisplayName="Intel Specific" Description="Intel Specific" />
		<Category Name="ProjectDefaults" DisplayName="Project Defaults" Description="Project Defaults" />
	</Rule.Categories>
	<Rule.DataSource>
		<DataSource Persistence="ProjectFile" Label="Configuration" />
	</Rule.DataSource>
	<StringProperty Name="SDKDisplayName" DisplayName="Target Platform" 
                  Description="The current target platform of the project." 
                  ReadOnly="true" 
                  Category="General" 
                  F1Keyword="VC.Project.VCConfiguration.AppSupport">
		<StringProperty.DataSource>
			<DataSource Persistence="ProjectFile" Label="" />
		</StringProperty.DataSource>
	</StringProperty>
	<DynamicEnumProperty Name="WindowsTargetPlatformVersion" DisplayName="Windows SDK Version"
                       Description="Version of Targeted Platform" 
                       Category="General"
                       EnumProvider="PlatformVersions"
                       Visible="true"
                       F1Keyword="VC.Project.VCConfiguration.TargetPlatformVersion" >
		<DynamicEnumProperty.DataSource>
			<DataSource Persistence="ProjectFile" Label="Globals" SourceOfDefaultValue="AfterContext" HasConfigurationCondition="False" />
		</DynamicEnumProperty.DataSource>
	</DynamicEnumProperty>
	<StringProperty Name="OutDir" DisplayName="Output Directory"
                  Description="Specifies a relative path to the output file directory; can include environment variables."
                  Category="General" Default="$(SolutionDir)$(Configuration)\"
                  Subtype="folder"
                  F1Keyword="VC.Project.VCConfiguration.OutputDirectory">
		<StringProperty.DataSource>
			<DataSource Persistence="ProjectFile" Label="" />
		</StringProperty.DataSource>
	</StringProperty>
	<StringProperty Name="IntDir" DisplayName="Intermediate Directory"
                  Description="Specifies a relative path to the intermediate file directory; can include environment variables."
                  Category="General" Default="$(Configuration)\"
                  Subtype="folder"
                  F1Keyword="VC.Project.VCConfiguration.IntermediateDirectory">
		<StringProperty.DataSource>
			<DataSource Persistence="ProjectFile" Label="" />
		</StringProperty.DataSource>
	</StringProperty>
	<StringProperty Name="TargetName" DisplayName="Target Name"
                  Description="Specifies a file name that this project will generate."
                  F1Keyword="VC.Project.VCConfiguration.TargetName"
                  Category="General" Default="$(ProjectName)"
                  >
		<StringProperty.DataSource>
			<DataSource Persistence="ProjectFile" Label="" />
		</StringProperty.DataSource>
	</StringProperty>
	<StringProperty Name="TargetExt" DisplayName="Target Extension"
                  Description="Specifies a file extension that this project will generate. (Example: .exe or .dll)"
                  F1Keyword="VC.Project.VCConfiguration.TargetExt"
                  Category="General"
                  >
		<StringProperty.DataSource>
			<DataSource Persistence="ProjectFile" Label="" />
		</StringProperty.DataSource>
	</StringProperty>
	<StringListProperty Name="ExtensionsToDeleteOnClean" DisplayName="Extensions to Delete on Clean"
                      Description="Semi-colon delimited wildcard specification for which files in the intermediate directory to delete on clean or rebuild."
                      Category="General" Separator=";"
                      F1Keyword="VC.Project.VCConfiguration.DeleteExtensionsOnClean">
		<StringListProperty.DataSource>
			<DataSource Persistence="ProjectFile" Label="" />
		</StringListProperty.DataSource>
	</StringListProperty>
	<StringProperty Name="BuildLogFile" DisplayName="Build Log File"
                  Description="Specifies the build log file to write to when build logging is enabled."
                  F1Keyword="VC.Project.VCConfiguration.BuildLogFile"
                  Category="General" Default="$(ProjectDir)\$(MSBuildProjectName).log"
                  Subtype="file">
		<StringProperty.DataSource>
			<DataSource Persistence="ProjectFile" ItemType="BuildLog" PersistedName="Path" />
		</StringProperty.DataSource>
	</StringProperty>

	<EnumProperty Name="PreferredToolArchitecture"
                DisplayName="Preferred Build Tool Architecture"
                Description="Determines which build tools will be used to compile programs (32-bit or 64-bit)."
                Category="General"
                F1Keyword="VC.Project.VCConfiguration.PreferredToolArchitecture">
		<EnumValue Name="" DisplayName="Default" />
		<EnumValue Name="x86" DisplayName="32-bit (x86)" />
		<EnumValue Name="x64" DisplayName="64-bit (x64)" />
	</EnumProperty>

	<DynamicEnumProperty Name="PlatformToolset" DisplayName="Platform Toolset" EnumProvider="Toolsets"
                       Description="Specifies the toolset used for building the current configuration; If not set, the default toolset is used"
                       F1Keyword="VC.Project.VCConfiguration.PlatformToolset"
                       Category="General" />

	<EnumProperty Name="LanguageStandard"
                DisplayName="C++ Language Standard"
                Description="Determines the C++ language standard the compiler will enforce. It is recommended to use the latest version when possible.  (/std:c++14, /std:c++17, /std:c++latest)"
                Category="General"
                F1Keyword="VC.Project.VCCLCompilerTool.CppLanguageStandard">
		<EnumProperty.DataSource>
			<DataSource Persistence="ProjectFile" ItemType="ClCompile" Label="" HasConfigurationCondition="true" />
		</EnumProperty.DataSource>
		<EnumValue Name="Default" DisplayName="Default" />
		<EnumValue Name="stdcpp14" Switch="std:c++14" DisplayName="ISO C++14 Standard" />
		<EnumValue Name="stdcpp17" Switch="std:c++17" DisplayName="ISO C++17 Standard" />
		<EnumValue Name="stdcpplatest" Switch="std:c++latest" DisplayName="Preview - Features from the Latest C++ Working Draft" />
	</EnumProperty>

	<!--  End General region -->

	<DynamicEnumProperty Name="BasePlatformToolset" DisplayName="Base Platform Toolset" EnumProvider="ProjectExpression"
                       Description="Specifies the base toolset used for building the current configuration; If not set, the default toolset is used"
                       F1Keyword="" Category="IntelSpecific">
		<DynamicEnumProperty.ProviderSettings>
			<NameValuePair Name="Include" Value="$(BasePlatformToolsets)"/>
		</DynamicEnumProperty.ProviderSettings>
	</DynamicEnumProperty>
	<EnumProperty Name="ProfileGuidedOptimization" DisplayName="Profile-Guided Build Options"
                Description="Selects the Profile-Guided Optimization build phase.     (/Qprof-gen, /Qprof-gen:globdata, /Qprof-use)"
                Category="IntelSpecific" F1Keyword="intel.cpp.option_prof_gen">
		<EnumValue Name="Disabled" DisplayName="Disabled" Description="Disabled" Switch="" />
		<EnumValue Name="PGOInstrument" DisplayName="Phase 1: Instrument for Optimization" Description="Phase 1: Instrument for Optimization" Switch="Qprof-gen" />
		<EnumValue Name="PGOEnhancedInstrument" DisplayName="Phase 1: Instrument for Optimization with Data Layout" Description="Phase 1: Instrument for Optimization with Data Layout" Switch="Qprof-gen:globdata" />
		<EnumValue Name="PGOOptimize" DisplayName="Phase 3: Optimize with Profile Data" Description="Phase 3: Optimize with Profile Data" Switch="Qprof-use" />
	</EnumProperty>
	<EnumProperty Name="CodeCoverageOperations" DisplayName="Code Coverage Build Options" Description="Select the Code Coverage Data Generation build phase.  (/Qprof-gen:srcpos)"
                Category="IntelSpecific" F1Keyword="intel.cpp.option_prof_gen">
		<EnumValue Name="Disabled" DisplayName="Disabled" Description="Disabled" />
		<EnumValue Name="InstrumentForCodeCoverage" DisplayName="Instrument for Code Coverage" Description="Instrument for Code Coverage" />
	</EnumProperty>

	<StringProperty Name="ProfileDirectory" DisplayName="Profile Directory" Description="Specifies the directory in which static and dynamic information files are created.  (/Qprof-dir)"
                  Category="IntelSpecific" F1Keyword="intel.cpp.option_prof_dir" Default="$(IntDir)" Subtype="folder">
		<StringProperty.DataSource>
			<DataSource Persistence="ProjectFile" Label="" />
		</StringProperty.DataSource>
	</StringProperty>

	<EnumProperty Name="IclProfileGuidedOptimization" Visible="false">
		<EnumValue Name="Disabled" Switch="" />
		<EnumValue Name="PGOInstrument" Switch="Qprof-gen" />
		<EnumValue Name="PGOInstrumentTS" Switch="Qprof-gen:threadsafe" />
		<EnumValue Name="PGOEnhancedInstrument" Switch="Qprof-gen:globdata" />
		<EnumValue Name="PGOEnhancedInstrumentTS" Switch="Qprof-gen:globdata,threadsafe" />
		<EnumValue Name="PGOEnhancedInstrumentFuncOrder" Switch="Qprof-gen:srcpos" />
		<EnumValue Name="PGOEnhancedInstrumentFuncOrderTS" Switch="Qprof-gen:srcpos,threadsafe" />
		<EnumValue Name="PGOOptimize" Switch="Qprof-use" />
		<EnumValue Name="PGOOptimizeDataOrder" Switch="Qprof-use /Qprof-data-order" />
		<EnumValue Name="PGOOptimizeFuncOrder" Switch="Qprof-use /Qprof-func-order" />
		<EnumValue Name="PGOOptimizeAll" Switch="Qprof-use /Qprof-func-order /Qprof-data-order" />
		<EnumProperty.DataSource>
			<DataSource Persistence="UserFile" Label="" />
		</EnumProperty.DataSource>
	</EnumProperty>

	<EnumProperty Name="IclCodeCoverageOperations" Visible ="false">
		<EnumValue Name="Disabled" Switch="" />
		<EnumValue Name="CCovInstrument" Switch="Qprof-gen:srcpos" />
		<EnumValue Name="CCovInstrumentTS" Switch="Qprof-gen:srcpos,threadsafe" />
		<EnumProperty.DataSource>
			<DataSource Persistence="UserFile" Label="" />
		</EnumProperty.DataSource>
	</EnumProperty>

	<!--  End IntelSpecific region -->

	<StringProperty Name="IclProfileDirectory" Subtype="folder" Switch="Qprof-dir" Separator=" " Visible ="false">
		<StringProperty.DataSource>
			<DataSource Persistence="UserFile" Label="" />
		</StringProperty.DataSource>
	</StringProperty>

	<EnumProperty Name="ConfigurationType" DisplayName="Configuration Type" Description="Specifies the type of output this configuration generates."
          Category="ProjectDefaults"
          F1Keyword="VC.Project.VCConfiguration.ConfigurationType">
		<EnumValue Name="Makefile" DisplayName="Makefile" Description="Makefile" />
		<EnumValue Name="Application" DisplayName="Application (.exe)" Description="Application (.exe)" />
		<EnumValue Name="DynamicLibrary" DisplayName="Dynamic Library (.dll)" Description="Dynamic Library (.dll)" />
		<EnumValue Name="StaticLibrary" DisplayName="Static library (.lib)" Description="Static Library (.lib)" />
		<EnumValue Name="Utility" DisplayName="Utility" Description="Utility" />
	</EnumProperty>
	<EnumProperty Name="UseOfMfc" DisplayName="Use of MFC"
        Description="Specifies how MFC is used by the configuration."
        Category="ProjectDefaults"
        F1Keyword="VC.Project.VCConfiguration.useOfMfc">
		<EnumValue Name="false" DisplayName="Use Standard Windows Libraries" Description="Use Standard Windows Libraries" />
		<EnumValue Name="Static" DisplayName="Use MFC in a Static Library" Description="Use MFC in a Static Library" />
		<EnumValue Name="Dynamic" DisplayName="Use MFC in a Shared DLL" Description="Use MFC in a Shared DLL" />
	</EnumProperty>
	<EnumProperty Name="UseOfAtl" DisplayName="Use of ATL"
        Description="Specifies how ATL is used by the configuration."
                Category="ProjectDefaults"
                Visible="false"
                F1Keyword="VC.Project.VCConfiguration.useOfATL">
		<EnumValue Name="false" DisplayName="Not Using ATL" Description="Not Using ATL" />
		<EnumValue Name="Static" DisplayName="Static Link to ATL" Description="Static Link to ATL" />
		<EnumValue Name="Dynamic" DisplayName="Dynamic Link to ATL" Description="Dynamic Link to ATL" />
	</EnumProperty>
	<EnumProperty Name="CharacterSet" DisplayName="Character Set"
        Description="Tells the compiler to use the specified character set; aids in localization issues."
        Category="ProjectDefaults"
        F1Keyword="VC.Project.VCConfiguration.CharacterSet">
		<EnumValue Name="NotSet" DisplayName="Not Set" Description="Not Set" />
		<EnumValue Name="Unicode" DisplayName="Use Unicode Character Set" Description="Use Unicode Character Set" />
		<EnumValue Name="MultiByte" DisplayName="Use Multi-Byte Character Set" Description="Use Multi-Byte Character Set" />
	</EnumProperty>

	<BoolProperty Name="InterproceduralOptimization" DisplayName="Whole Program Optimization" Description="Specifies that the program will be optimized across .obj boundaries for files compiled by the Intel(R) C++ Compiler; works best if C/C++ optimizations are turned on."
        Category="ProjectDefaults" F1Keyword="intel.cpp.option_ipo"/>

	<EnumProperty Name="CLRSupport" DisplayName="Common Language Runtime Support"
        Description="Specifies whether this configuration supports the Common Language Runtime. This is incompatible with some other settings, e.g. runtime checks. See help for /clr family of C++ compiler switches for full list of conflicts."
        Category="ProjectDefaults" 
        F1Keyword="VC.Project.VCConfiguration.ManagedExtensions" Visible="false">
		<EnumValue Name="false" DisplayName="No Common Language Runtime Support"
        Description="No Common Language Runtime Support" />
		<EnumValue Name="true" DisplayName="Common Language Runtime Support (/clr)"
        Description="Common Language Runtime Support (/clr)"/>
		<EnumValue Name="Pure" DisplayName="Pure MSIL Common Language Runtime Support (/clr:pure)"
        Description="Pure MSIL Common Language Runtime Support (/clr:pure)" />
		<EnumValue Name="Safe" DisplayName="Safe MSIL Common Language Runtime Support (/clr:safe)"
                   Description="Safe MSIL Common Language Runtime Support (/clr:safe)" />
	</EnumProperty>
	<StringProperty Name="TargetFrameworkVersion" DisplayName=".NET Target Framework Version"
                Description="Version of the .NET Framework that is targeted by the project. This only applies if 'Common Language Runtime Support' is set."
				Category="ProjectDefaults"
				Visible="false"
                F1Keyword="VC.Project.TargetFrameworkVersion"
		>	  
		<StringProperty.DataSource>
			<DataSource Persistence="ProjectFile" Label="Globals" HasConfigurationCondition="False" />
		</StringProperty.DataSource>
	</StringProperty> 
	<EnumProperty Name="WholeProgramOptimization" DisplayName="Whole Program Optimization"
        Description="Specifies that the program will be optimized across .obj boundaries; works best if C/C++ optimizations are turned on."
        Category="ProjectDefaults"
        F1Keyword="VC.Project.VCConfiguration.WholeProgramOptimization" Visible="false">
		<EnumValue Name="false" DisplayName="No Whole Program Optimization"
        Description="No Whole Program Optimization" />
		<EnumValue Name="true" DisplayName="Use Link Time Code Generation"
        Description="Use Link Time Code Generation"/>
		<EnumValue Name="FastLTCG" DisplayName="Use Fast Link Time Code Generation"
               Description="Use Fast Link Time Code Generation"/>
		<EnumValue Name="PGInstrument" DisplayName="Profile Guided Optimization - Instrument"
        Description="Profile Guided Optimization - Instrument"/>
		<EnumValue Name="PGOptimize" DisplayName="Profile Guided Optimization - Optimize"
        Description="Profile Guided Optimization - Optimize"/>
		<EnumValue Name="PGUpdate" DisplayName="Profile Guided Optimization - Update"
        Description="Profile Guided Optimization - Update"/>
	</EnumProperty>

	<BoolProperty Name="WindowsAppContainer" DisplayName="Windows Store App Support" Description="Enable this project to support Windows Store apps." Category="ProjectDefaults" F1Keyword="VC.Project.VCConfiguration.AppSupport" />


	<BoolProperty Name="UseDebugLibraries"
                DisplayName="Use Debug Libraries"
                Description="Specifies whether the configuration is set up for development (DEBUG) or for production (RELEASE)."
                Category="ProjectDefaults"
                F1Keyword="VC.Project.VCConfiguration.UseDebugLibraries">
	</BoolProperty>

	<BoolProperty Name="EnableUnitySupport"
                DisplayName="Enable Unity (JUMBO) Build"
                Description="Enables a build process where many C++ source files are combined into one or more 'unity' files before compilation to improve build performance. Unrelated to the Unity game engine"
                Category="General"
                F1Keyword="VC.Project.VCConfiguration.EnableUnitySupport" />

	<DynamicEnumProperty Name="VCToolsVersion"
                       DisplayName="MSVC Toolset Version"
                       EnumProvider="VCToolsVersion"
                       Description="Specifies the full version of the MSVC toolset that this project will use for builds."
                       Category="General"
                       F1Keyword="VC.Project.VCConfiguration.VCToolsVersion">
	</DynamicEnumProperty>

	<!-- end ProjectDefaults region -->

	<BoolProperty Name="EnableManagedIncrementalBuild" DisplayName="Enable Managed Incremental Build" Description="Enables managed incremental build scenarios using metagen." Category="General" F1Keyword="VC.Project.VCConfiguration.EnableManagedIncrementalBuild" Visible="false">
		<BoolProperty.DataSource>
			<DataSource Persistence="ProjectFile" Label="" />
		</BoolProperty.DataSource>
	</BoolProperty>
	<StringProperty Name="_ProjectFileVersion" DisplayName="Project File Version"
                Description="Specifies the version of the conversion tool used to create this project file."
                Category="General" Visible="false">
		<StringProperty.DataSource>
			<DataSource Persistence="ProjectFile" />
		</StringProperty.DataSource>
	</StringProperty>
	<StringProperty Name="ProjectGuid" Visible="False">
		<StringProperty.DataSource>
			<DataSource Persistence="ProjectFile" Label="Globals" HasConfigurationCondition="False" />
		</StringProperty.DataSource>
	</StringProperty>
	<DynamicEnumProperty Name="TargetFrameworkMoniker" DisplayName="Target Framework Moniker" EnumProvider="TargetFrameworkMoniker" Visible="false" />
	<StringProperty Name="TargetPath" Visible="False"/>
	<StringProperty Name="MSBuildProjectDirectory" Visible="false"/>
	<StringProperty Name="PackageAction" Visible="false" Description="The MSBuild target to use when packaging a project." />
	<StringProperty Name="DefaultContentType" Visible="false" Description="The default content type name to use when adding files." />
	<StringProperty Name="VCInstallDir" Visible="false" />
	<StringProperty Name="VCIDEInstallDir" Visible="false" />
	<StringProperty Name="VCToolsInstallDir" Visible="false" />
	<StringProperty Name="VSInstallDir" Visible="false" />
	<StringProperty Name="Platform" Visible="false" />
	<StringProperty Name="Configuration" Visible="false" />
	<StringProperty Name="DebuggerSymbolsPath" Visible="false" />
	<StringProperty Name="AssemblySearchPaths" Visible="false" />
	<StringProperty Name="DefaultPlatformToolset" Visible="false" />
	<StringProperty Name="SolutionPath" Visible="false" Default="$(SolutionPath)"/>
	<BoolProperty Name="EnableDesignTimeBuild" Visible="false" />
	<BoolProperty Name="AppContainerApplication" Visible="false" />
	<EnumProperty Name="TargetRuntime" Visible="false">
		<EnumValue Name="Managed" />
		<EnumValue Name="Native" />
		<EnumValue Name="AppHost" DisplayName="Windows app" />
	</EnumProperty>
	<StringProperty Name="AddItemTemplateGuid" Visible="false" />
	<BoolProperty Name="ContainsStartupTask" Visible="false" />
	<StringProperty Name="ProjectSubType" Visible="False">
		<StringProperty.DataSource>
			<DataSource Persistence="ProjectFile" Label="Globals" HasConfigurationCondition="False" />
		</StringProperty.DataSource>
	</StringProperty>


	<!-- End GeneralEx region -->

</Rule>
